,City,Country,Date,Cloudiness,Humidity,Lat,Lon,Max Temp,Wind Speed
0,Tyrma,RU,2018-04-05,48.0,36.0,50.04,132.17,28.17,9.57
1,Harper,LR,2018-04-05,90.0,44.0,30.3,-99.24,60.8,6.93
2,Sao goncalo do amarante,BR,2018-04-05,0.0,88.0,-3.61,-38.97,78.8,2.24
3,Irtyshskiy,RU,2018-04-05,8.0,88.0,58.33,68.13,35.55,8.57
4,Puerto escondido,MX,2018-04-05,12.0,100.0,15.86,-97.07,81.9,3.2
5,Baykit,RU,2018-04-05,80.0,75.0,61.68,96.39,17.37,10.47
6,Kyren,RU,2018-04-05,56.0,50.0,51.68,102.13,17.37,2.42
7,East london,ZA,2018-04-05,0.0,88.0,-33.02,27.91,68.0,6.93
8,Cajabamba,PE,2018-04-05,92.0,97.0,-1.7,-78.77,45.72,1.41
9,Ngunguru,NZ,2018-04-04,0.0,93.0,-35.62,174.5,69.66,13.82
10,Gamba,GA,2018-04-05,56.0,96.0,28.28,88.52,28.17,1.07
11,Kobyzhcha,UA,2018-04-05,0.0,87.0,50.83,31.5,44.6,8.95
12,Caruaru,BR,2018-04-05,92.0,100.0,-8.28,-35.97,69.93,3.2
13,Washington,US,2018-04-05,75.0,38.0,38.9,-77.04,42.8,18.34
14,Luangwa,ZM,2018-04-05,0.0,72.0,-15.62,30.4,77.85,6.78
15,Cape coast,GH,2018-04-05,20.0,94.0,5.11,-1.24,73.08,2.75
16,Lethem,GY,2018-04-05,64.0,86.0,3.38,-59.8,74.97,3.98
17,Babra,IN,2018-04-05,12.0,31.0,21.84,71.3,96.48,7.34
18,Huron,US,2018-04-05,1.0,85.0,44.36,-98.21,24.8,2.98
19,Jiaxing,CN,2018-04-05,75.0,93.0,30.76,120.75,59.0,6.71
20,Karema,TZ,2018-04-05,32.0,94.0,-6.82,30.44,67.23,3.2
21,Hagi,JP,2018-04-05,75.0,82.0,34.43,131.51,60.8,5.82
22,Tete,MZ,2018-04-05,0.0,74.0,-16.16,33.59,79.83,6.44
23,Provideniya,RU,2018-04-05,0.0,52.0,64.42,-173.23,19.4,15.66
24,Cidreira,BR,2018-04-05,24.0,93.0,-30.17,-50.22,62.19,3.65
25,Uyuni,BO,2018-04-05,0.0,36.0,-20.46,-66.82,18.45,3.2
26,Noumea,NC,2018-04-04,75.0,88.0,-22.28,166.46,75.2,19.46
27,Lakselv,NO,2018-04-05,90.0,92.0,70.05,24.96,28.4,2.24
28,Maiduguri,NG,2018-04-05,0.0,36.0,11.84,13.15,69.21,4.43
30,Puerto baquerizo moreno,EC,2018-04-05,0.0,100.0,-0.9,-89.6,75.06,7.45
31,Redmond,US,2018-04-05,90.0,93.0,47.67,-122.12,48.2,1.97
32,Banff,CA,2018-04-05,48.0,61.0,51.18,-115.57,12.96,1.97
33,Hervey bay,AU,2018-04-05,100.0,100.0,-25.3,152.85,72.63,17.63
34,Taixing,CN,2018-04-05,92.0,86.0,32.17,120.02,53.55,14.5
35,Ordynskoye,RU,2018-04-05,0.0,97.0,54.37,81.9,29.88,7.45
36,Kokopo,PG,2018-04-05,12.0,93.0,-4.34,152.27,84.78,9.8
37,Bonfim,BR,2018-04-05,64.0,86.0,3.36,-59.84,74.97,3.98
38,Lakeway,US,2018-04-05,1.0,50.0,30.36,-97.99,60.8,3.42
40,Abu dhabi,AE,2018-04-05,0.0,39.0,24.47,54.37,84.2,2.24
41,Buala,SB,2018-04-05,88.0,92.0,-8.15,159.59,83.07,4.65
42,Bhinmal,IN,2018-04-05,12.0,27.0,25.01,72.27,95.4,9.01
43,Strezhevoy,RU,2018-04-05,0.0,64.0,60.73,77.6,35.6,15.66
44,Dargaville,NZ,2018-04-04,0.0,70.0,-35.94,173.86,66.42,10.8
45,El prat de llobregat,ES,2018-04-05,0.0,81.0,41.32,2.1,46.4,3.36
46,Hasaki,JP,2018-04-05,75.0,62.0,35.73,140.83,53.6,11.41
47,Lazdijai,LT,2018-04-05,56.0,90.0,54.23,23.51,50.67,10.25
48,Lunca corbului,RO,2018-04-05,12.0,61.0,44.68,24.76,56.34,2.86
49,Whitecourt,CA,2018-04-05,0.0,64.0,54.14,-115.68,7.02,6.44
50,Vagur,FO,2018-04-05,48.0,100.0,61.47,-6.81,40.5,22.32
51,Huarmey,PE,2018-04-05,88.0,90.0,-10.07,-78.15,63.18,3.09
52,Chuy,UY,2018-04-05,0.0,96.0,-33.69,-53.46,59.58,4.21
53,Bilma,NE,2018-04-05,0.0,30.0,18.69,12.92,64.53,6.11
54,Sovetskiy,RU,2018-04-05,0.0,97.0,56.76,48.47,29.43,5.21
55,Peniche,PT,2018-04-05,40.0,100.0,39.36,-9.38,46.4,2.24
56,Bubaque,GW,2018-04-05,0.0,100.0,11.28,-15.83,76.41,15.61
57,Kutum,SD,2018-04-05,0.0,15.0,14.2,24.66,71.01,13.27
58,Aksu,CN,2018-04-05,0.0,41.0,52.04,76.93,41.0,15.66
59,Buesaco,CO,2018-04-05,56.0,90.0,1.39,-77.16,46.62,1.41
60,Churapcha,RU,2018-04-05,32.0,65.0,62.0,132.43,35.19,9.01
61,Rio grande,BR,2018-04-05,48.0,100.0,-32.03,-52.1,63.9,4.65
62,Morshansk,RU,2018-04-05,0.0,85.0,53.44,41.81,31.41,3.42
63,Pringsewu,ID,2018-04-05,24.0,81.0,-5.36,104.98,84.96,3.42
64,Bull savanna,JM,2018-04-05,12.0,99.0,17.89,-77.59,66.69,1.97
65,Sirsi,IN,2018-04-05,0.0,49.0,14.62,74.84,90.81,4.09
66,Gravdal,NO,2018-04-05,75.0,100.0,59.79,5.78,35.6,16.11
67,Juneau,US,2018-04-05,20.0,63.0,58.3,-134.42,32.0,3.36
68,Bar harbor,US,2018-04-05,75.0,93.0,44.39,-68.2,37.4,5.82
69,Lac du bonnet,CA,2018-04-05,20.0,57.0,50.25,-96.06,5.67,4.43
70,Olsztyn,PL,2018-04-05,32.0,88.0,53.78,20.48,49.59,10.02
71,Port-gentil,GA,2018-04-05,40.0,83.0,-0.72,8.78,82.4,3.36
72,Puerto el triunfo,SV,2018-04-05,40.0,83.0,13.27,-88.55,78.8,1.12
73,Vao,NC,2018-04-05,36.0,100.0,59.1,26.19,44.37,8.23
74,Sabratah,LY,2018-04-05,0.0,98.0,32.79,12.49,61.92,15.28
75,Narsaq,GL,2018-04-05,48.0,29.0,60.91,-46.05,35.6,8.05
76,Staroaleyskoye,RU,2018-04-05,0.0,77.0,51.01,82.0,39.42,3.87
77,Kavaratti,IN,2018-04-05,12.0,99.0,10.57,72.64,86.49,2.75
78,Lazarev,RU,2018-04-05,68.0,82.0,52.23,141.51,27.72,14.5
79,Moree,AU,2018-04-05,0.0,36.0,-29.46,149.84,83.34,10.25
80,Port alfred,ZA,2018-04-05,80.0,100.0,-33.59,26.89,68.94,6.67
81,Chabahar,IR,2018-04-05,0.0,84.0,25.29,60.65,82.17,11.81
82,Tuktoyaktuk,CA,2018-04-05,20.0,83.0,69.44,-133.03,-7.61,6.93
83,Ilulissat,GL,2018-04-05,68.0,95.0,69.22,-51.1,4.86,2.98
84,Chumikan,RU,2018-04-05,80.0,61.0,54.72,135.31,30.78,12.03
86,Qom,IR,2018-04-05,92.0,57.0,34.64,50.88,58.95,12.26
87,Porto belo,BR,2018-04-05,40.0,88.0,-27.15,-48.54,68.0,3.36
88,Moron,MN,2018-04-05,92.0,96.0,10.49,-68.2,69.03,3.09
89,Palauig,PH,2018-04-05,32.0,92.0,15.44,119.9,79.92,1.97
90,Koutiala,ML,2018-04-05,0.0,68.0,12.39,-5.46,77.67,12.37
91,Gondanglegi,ID,2018-04-05,44.0,88.0,-7.75,112.01,81.63,3.76
92,Tunkas,MX,2018-04-05,0.0,54.0,20.9,-88.75,80.1,6.55
93,Nikolskoye,RU,2018-04-05,40.0,86.0,59.7,30.79,39.2,8.95
94,Lahij,YE,2018-04-05,0.0,69.0,13.06,44.88,79.83,4.65
95,Farah,AF,2018-04-05,0.0,74.0,32.37,62.11,71.46,3.87
96,Gwadar,PK,2018-04-05,8.0,66.0,25.12,62.33,84.96,9.91
97,Parczew,PL,2018-04-05,0.0,82.0,51.64,22.9,51.66,11.7
98,Carutapera,BR,2018-04-05,92.0,100.0,-1.2,-46.02,73.62,0.63
99,Mazatlan,MX,2018-04-05,5.0,77.0,23.22,-106.42,60.8,1.41
100,Lasa,CN,2018-04-05,0.0,52.0,34.92,32.53,68.0,3.36
103,Kaeo,NZ,2018-04-04,0.0,55.0,-35.1,173.78,69.3,9.35
104,Chokurdakh,RU,2018-04-05,0.0,96.0,70.62,147.9,20.7,7.0
105,Waingapu,ID,2018-04-05,0.0,68.0,-9.65,120.26,87.03,5.77
106,Grand gaube,MU,2018-04-05,75.0,88.0,-20.01,57.66,77.0,4.7
107,Belturbet,IE,2018-04-05,0.0,80.0,54.1,-7.44,23.13,5.21
108,Grande prairie,CA,2018-04-05,5.0,65.0,55.17,-118.79,3.2,9.17
109,Balkanabat,TM,2018-04-05,92.0,75.0,39.51,54.36,47.7,2.19
110,Segezha,RU,2018-04-05,92.0,89.0,63.74,34.31,32.85,9.01
111,Haikou,CN,2018-04-05,40.0,48.0,20.04,110.34,87.8,8.95
112,Kamina,CD,2018-04-05,88.0,93.0,-8.74,25.0,69.21,3.65
113,Lisakovsk,KZ,2018-04-05,32.0,96.0,52.55,62.49,36.63,8.46
114,Douglas,US,2018-04-05,1.0,17.0,31.34,-109.55,62.6,10.29
115,Pokhara,NP,2018-04-05,32.0,89.0,28.21,83.99,65.25,2.42
116,Las cruces,US,2018-04-05,90.0,93.0,-33.5,-71.62,53.6,2.86
117,Vostok,RU,2018-04-05,0.0,36.0,46.45,135.83,29.79,7.67
118,Gua musang,MY,2018-04-05,0.0,71.0,4.88,101.97,85.05,2.42
119,Urambo,TZ,2018-04-05,88.0,98.0,-5.07,32.07,66.15,0.85
120,Progreso,MX,2018-04-05,0.0,93.0,-34.68,-56.22,62.6,10.29
121,Dinghai,CN,2018-04-05,20.0,78.0,26.28,119.79,71.6,8.95
122,Kununurra,AU,2018-04-05,20.0,22.0,-15.77,128.74,100.4,5.82
123,La ronge,CA,2018-04-05,90.0,60.0,55.1,-105.3,8.6,10.29
124,Kuryk,KZ,2018-04-05,8.0,100.0,43.18,51.68,49.23,13.38
125,Senanga,ZM,2018-04-05,44.0,98.0,-16.1,23.3,67.95,6.22
126,Muyezerskiy,RU,2018-04-05,80.0,88.0,63.93,31.65,34.83,6.89
127,Avarua,CK,2018-04-05,90.0,94.0,-21.21,-159.78,78.8,11.41
128,Ambikapur,IN,2018-04-05,0.0,30.0,23.12,83.2,94.95,6.33
129,Honavar,IN,2018-04-05,0.0,65.0,14.28,74.45,89.01,3.76
130,Cervo,ES,2018-04-05,76.0,99.0,-22.19,-46.24,59.76,3.76
131,Mayo,CA,2018-04-05,5.0,37.0,63.59,-135.9,17.6,2.24
132,Along,IN,2018-04-05,92.0,97.0,28.17,94.8,59.13,0.4
133,Buin,PG,2018-04-05,0.0,72.0,-33.73,-70.74,59.0,4.7
134,Thale,DE,2018-04-05,80.0,92.0,51.75,11.04,45.81,10.02
135,Shizunai,JP,2018-04-05,48.0,68.0,42.33,142.37,35.01,13.82
136,Lavrentiya,RU,2018-04-05,20.0,99.0,65.58,-170.99,12.6,24.79
137,Port macquarie,AU,2018-04-05,0.0,57.0,-31.43,152.91,78.8,12.75
138,Petropavlovsk-kamchatskiy,RU,2018-04-05,75.0,82.0,53.05,158.65,32.0,4.47
139,Ituporanga,BR,2018-04-05,100.0,100.0,-27.41,-49.6,58.59,2.19
140,Cubuk,TR,2018-04-05,0.0,80.0,40.24,33.03,39.2,1.12
141,Carballo,ES,2018-04-05,0.0,81.0,43.21,-8.69,48.2,10.29
142,Nakusp,CA,2018-04-05,56.0,73.0,50.24,-117.8,23.67,0.85
143,Muroto,JP,2018-04-05,75.0,68.0,33.37,134.14,68.0,5.82
145,Spornoye,RU,2018-04-05,0.0,75.0,50.84,37.29,42.8,2.24
146,Tabou,CI,2018-04-05,64.0,100.0,4.42,-7.36,81.18,7.23
147,Carnarvon,AU,2018-04-05,80.0,100.0,-30.97,22.13,54.81,4.43
148,Soller,ES,2018-04-05,75.0,81.0,50.73,6.56,50.0,16.11
149,Laramie,US,2018-04-05,1.0,59.0,41.31,-105.59,44.6,13.87
150,Abha,SA,2018-04-05,0.0,43.0,18.22,42.5,69.8,9.17
151,Bombay,NZ,2018-04-05,90.0,67.0,44.94,-74.57,19.4,19.46
152,Boa vista,BR,2018-04-05,0.0,69.0,2.82,-60.67,80.6,5.82
153,Sterling,US,2018-04-05,90.0,55.0,39.0,-77.4,42.8,17.22
154,Warrnambool,AU,2018-04-05,68.0,91.0,-38.38,142.48,61.83,6.78
155,Yellowknife,CA,2018-04-05,20.0,64.0,62.45,-114.38,1.4,6.93
156,Bertoua,CM,2018-04-05,68.0,97.0,4.58,13.68,68.4,4.21
157,Shalakusha,RU,2018-04-05,48.0,75.0,62.23,40.26,31.05,7.0
158,Pop,UZ,2018-04-05,8.0,37.0,40.87,71.1,68.0,4.7
159,Raudeberg,NO,2018-04-05,75.0,100.0,61.99,5.14,33.8,3.36
160,Koygorodok,RU,2018-04-05,64.0,69.0,60.44,51.01,33.03,5.77
161,Saint-joseph,RE,2018-04-05,0.0,93.0,43.56,6.97,50.0,3.36
162,Inirida,CO,2018-04-05,80.0,98.0,3.87,-67.92,71.73,1.97
163,Teshie,GH,2018-04-05,0.0,88.0,5.58,-0.11,80.6,11.41
164,Beyneu,KZ,2018-04-05,68.0,100.0,45.32,55.19,44.28,16.28
165,Luganville,VU,2018-04-04,92.0,100.0,-15.51,167.18,78.12,11.7
166,Hobart,AU,2018-04-05,75.0,40.0,-42.88,147.33,69.8,13.87
167,Hohhot,CN,2018-04-05,20.0,51.0,40.81,111.65,39.2,22.37
168,Coquimbo,CL,2018-04-05,75.0,87.0,-29.95,-71.34,57.2,4.7
169,Labis,MY,2018-04-05,20.0,89.0,2.38,103.02,87.48,4.54
170,Dongli,CN,2018-04-05,75.0,74.0,24.18,117.61,78.8,4.47
172,Lop buri,TH,2018-04-05,32.0,73.0,14.8,100.65,89.1,8.01
173,Araxa,BR,2018-04-05,20.0,89.0,-19.59,-46.94,58.86,2.75
174,San,ML,2018-04-05,0.0,66.0,13.3,-4.9,70.47,4.32
175,Pilar,PH,2018-04-05,0.0,83.0,-34.46,-58.91,71.6,5.82
176,Kieta,PG,2018-04-05,64.0,85.0,-6.22,155.63,84.24,10.8
177,Half moon bay,US,2018-04-05,1.0,41.0,37.46,-122.43,59.0,5.82
178,Bridgetown,BB,2018-04-05,90.0,93.0,44.84,-65.29,46.4,25.28
179,Verkhnyaya toyma,RU,2018-04-05,0.0,69.0,62.24,45.0,32.85,3.76
180,La cruz,CR,2018-04-05,8.0,60.0,23.92,-106.89,64.8,2.42
181,Taldan,RU,2018-04-05,0.0,26.0,53.69,124.82,31.77,11.81
182,Columbus,US,2018-04-05,1.0,50.0,32.46,-84.99,51.8,3.36
183,Yen bai,VN,2018-04-05,48.0,86.0,21.7,104.87,78.21,3.87
184,Batavia,US,2018-04-05,75.0,86.0,43.0,-78.19,28.4,10.29
185,Encheng,CN,2018-04-05,8.0,63.0,22.74,107.09,81.0,10.36
186,Auki,SB,2018-04-05,20.0,46.0,12.18,6.51,64.17,3.87
187,Masindi,UG,2018-04-05,36.0,96.0,1.69,31.72,70.2,4.43
188,Vianopolis,BR,2018-04-05,24.0,93.0,-16.74,-48.52,65.25,2.86
189,Tomohon,ID,2018-04-05,40.0,70.0,1.33,124.84,86.0,6.93
190,Pietermaritzburg,ZA,2018-04-05,44.0,81.0,-29.6,30.38,68.31,2.75
191,North bend,US,2018-04-05,90.0,70.0,43.41,-124.22,50.0,3.31
192,Muros,ES,2018-04-05,20.0,93.0,42.77,-9.06,42.8,6.93
193,Alekseyevka,RU,2018-04-05,90.0,93.0,53.25,50.49,35.6,13.42
194,Mutoko,ZW,2018-04-05,56.0,80.0,-17.4,32.23,70.2,3.76
195,Samarai,PG,2018-04-05,68.0,100.0,-10.62,150.67,81.81,17.63
196,Jalu,LY,2018-04-05,0.0,61.0,29.03,21.55,58.5,3.76
197,Santa luzia,BR,2018-04-05,40.0,78.0,-19.77,-43.85,71.6,3.36
198,Chaparral,CO,2018-04-05,80.0,91.0,3.72,-75.48,55.8,2.42
199,Nargana,PA,2018-04-05,92.0,100.0,9.44,-78.59,79.11,12.26
200,Pevek,RU,2018-04-05,0.0,68.0,69.7,170.27,21.15,4.21
201,Saldanha,ZA,2018-04-05,8.0,94.0,41.42,-6.55,35.91,2.64
202,Fazilka,IN,2018-04-05,0.0,86.0,30.41,74.03,80.37,4.43
203,Bredy,RU,2018-04-05,44.0,98.0,52.43,60.33,36.18,7.56
204,Marshall,US,2018-04-05,1.0,86.0,39.39,-87.69,32.0,4.7
205,Civitavecchia,IT,2018-04-05,75.0,93.0,42.09,11.79,53.6,8.05
207,Wangqing,CN,2018-04-05,88.0,47.0,43.31,129.76,35.64,4.65
208,Chapais,CA,2018-04-05,90.0,77.0,49.78,-74.86,6.8,10.29
209,Romitan,UZ,2018-04-05,0.0,37.0,39.93,64.38,69.8,11.41
210,Kattivakkam,IN,2018-04-05,40.0,49.0,13.22,80.32,93.2,9.17
211,Xai-xai,MZ,2018-04-05,0.0,97.0,-25.04,33.64,77.76,7.67
213,Santa isabel do rio negro,BR,2018-04-05,56.0,98.0,-0.41,-65.02,75.15,2.64
214,Itigi,TZ,2018-04-05,0.0,73.0,-5.7,34.5,69.48,7.45
215,Krasnoarmeysk,KZ,2018-04-05,0.0,69.0,56.12,38.15,39.2,6.71
216,Arraial do cabo,BR,2018-04-05,36.0,98.0,-22.97,-42.02,74.97,3.76
217,Chuguyevka,RU,2018-04-05,68.0,25.0,44.17,133.87,37.53,7.34
220,Miri,MY,2018-04-05,0.0,53.0,10.31,9.75,64.71,3.2
221,Rock sound,BS,2018-04-05,64.0,100.0,24.9,-76.2,75.96,4.32
222,Belonia,IN,2018-04-05,0.0,54.0,23.25,91.45,91.35,4.43
224,Valdez,EC,2018-04-05,90.0,98.0,61.13,-146.35,32.0,2.64
225,Lebedyn,UA,2018-04-05,44.0,92.0,50.58,34.48,38.97,8.68
226,Tandil,AR,2018-04-05,0.0,82.0,-37.33,-59.14,61.02,7.67
227,Tilichiki,RU,2018-04-05,0.0,86.0,60.47,166.1,29.43,12.48
228,Chaoyang,CN,2018-04-05,80.0,71.0,41.58,120.44,45.18,9.01
229,Naze,JP,2018-04-05,32.0,95.0,5.43,7.07,74.07,7.78
231,Birin,DZ,2018-04-05,0.0,30.0,35.01,36.67,59.67,4.21
232,Belaya gora,RU,2018-04-05,44.0,100.0,68.54,146.19,25.29,3.98
233,Jianhu,CN,2018-04-05,75.0,93.0,29.93,120.57,59.0,6.71
234,Tullow,IE,2018-04-05,0.0,92.0,52.8,-6.74,26.6,6.93
235,Kerrobert,CA,2018-04-05,90.0,72.0,51.92,-109.14,15.8,13.87
236,Marmora,CA,2018-04-05,0.0,100.0,44.46,7.09,35.6,2.24
238,Palana,RU,2018-04-05,0.0,70.0,59.08,159.95,35.55,16.73
239,Jiangyou,CN,2018-04-05,76.0,61.0,31.78,104.73,60.03,8.46
240,Waipawa,NZ,2018-04-04,0.0,57.0,-39.94,176.59,64.08,8.12
241,Yunyang,CN,2018-04-05,92.0,100.0,32.84,110.81,48.15,4.76
242,Bilibino,RU,2018-04-05,0.0,78.0,68.06,166.44,40.23,2.19
243,Akaltara,IN,2018-04-05,0.0,38.0,22.02,82.43,94.59,5.77
245,Luderitz,NA,2018-04-05,76.0,100.0,-26.65,15.16,59.0,6.93
246,Conceicao do araguaia,BR,2018-04-05,64.0,98.0,-8.26,-49.26,72.09,3.31
247,Diffa,NE,2018-04-05,0.0,17.0,13.32,12.61,69.57,10.69
248,Laguna,BR,2018-04-05,0.0,61.0,27.52,-110.01,61.38,1.63
249,Garwa,IN,2018-04-05,0.0,46.0,27.63,81.51,91.62,5.88
250,Luwero,UG,2018-04-05,68.0,100.0,0.85,32.47,67.41,4.43
252,Zhanaozen,KZ,2018-04-05,56.0,100.0,43.35,52.85,47.43,12.82
255,Sfantu gheorghe,RO,2018-04-05,0.0,87.0,44.65,26.83,53.6,3.36
256,Aitape,PG,2018-04-05,44.0,85.0,-3.15,142.36,84.69,11.14
257,Shwebo,MM,2018-04-05,12.0,88.0,22.57,95.7,85.77,4.43
258,Okato,NZ,2018-04-04,0.0,93.0,-39.19,173.88,65.25,10.69
259,Lufilufi,WS,2018-04-05,75.0,74.0,-13.87,-171.6,82.4,8.05
260,Te anau,NZ,2018-04-04,0.0,70.0,-45.41,167.72,54.0,14.16
261,Cerrik,AL,2018-04-05,75.0,87.0,41.03,19.98,53.6,2.24
262,Idrinskoye,RU,2018-04-05,0.0,80.0,54.37,92.14,23.76,6.22
263,Sao filipe,CV,2018-04-05,0.0,100.0,14.9,-24.5,69.57,13.49
264,Dera ghazi khan,PK,2018-04-05,0.0,50.0,30.03,70.64,87.39,4.65
265,Simao,CN,2018-04-05,20.0,49.0,22.76,100.79,79.2,3.53
266,Pervomayskiy,RU,2018-04-05,0.0,100.0,53.24,40.29,33.03,4.54
267,Isla del bosque,MX,2018-04-05,5.0,77.0,22.73,-105.85,60.8,1.52
268,Beloha,MG,2018-04-05,0.0,64.0,-25.17,45.06,82.17,11.25
269,Slidell,US,2018-04-05,1.0,76.0,30.28,-89.78,62.6,10.13
270,Ezequiel montes,MX,2018-04-05,80.0,95.0,20.66,-99.9,55.26,5.21
271,Meadow lake,CA,2018-04-05,56.0,69.0,54.13,-108.44,8.55,5.55
272,Qaqortoq,GL,2018-04-05,24.0,29.0,60.72,-46.03,35.6,8.05
273,Lerwick,GB,2018-04-05,40.0,100.0,60.15,-1.15,37.4,17.22
274,Zamora,ES,2018-04-05,0.0,96.0,41.51,-5.74,32.58,2.64
275,Balakhta,RU,2018-04-05,12.0,87.0,55.38,91.62,28.71,9.01
276,Jasper,US,2018-04-05,0.0,93.0,33.83,-87.28,39.2,4.65
277,Meridian,US,2018-04-05,1.0,70.0,32.36,-88.7,48.2,6.93
278,Keuruu,FI,2018-04-05,90.0,100.0,62.26,24.71,37.4,2.24
279,Kulmbach,DE,2018-04-05,75.0,87.0,50.1,11.45,44.6,12.75
280,Choluteca,HN,2018-04-05,80.0,92.0,13.3,-87.18,72.27,2.64
281,Deputatskiy,RU,2018-04-05,0.0,90.0,69.3,139.9,27.09,4.21
282,Banjar,ID,2018-04-05,48.0,57.0,-7.37,108.54,87.93,4.32
283,Tianpeng,CN,2018-04-05,92.0,100.0,28.88,112.34,49.05,20.87
284,Thinadhoo,MV,2018-04-05,12.0,100.0,0.53,72.93,84.78,8.23
285,Kerema,PG,2018-04-05,48.0,82.0,-7.96,145.78,80.91,1.97
286,Rosetta,EG,2018-04-05,0.0,72.0,31.4,30.42,64.4,11.41
287,Leningradskiy,RU,2018-04-05,36.0,87.0,69.38,178.42,9.27,24.11
289,Nyandoma,RU,2018-04-05,48.0,89.0,61.67,40.21,27.45,11.7
290,Severo-kurilsk,RU,2018-04-05,64.0,100.0,50.68,156.12,29.16,6.11
291,Pondicherry,IN,2018-04-05,90.0,100.0,-34.04,18.35,59.0,3.36
292,Yoichi,JP,2018-04-05,64.0,92.0,43.19,140.77,33.39,16.06
293,Uige,AO,2018-04-05,76.0,94.0,-7.61,15.06,68.13,2.42
294,Teterow,DE,2018-04-05,75.0,87.0,53.77,12.58,48.2,8.05
295,Zaltan,LY,2018-04-05,24.0,97.0,32.95,11.87,61.02,11.7
296,Yeppoon,AU,2018-04-05,40.0,61.0,-23.13,150.74,80.6,16.11
297,Rio negrinho,BR,2018-04-05,88.0,98.0,-26.26,-49.52,60.66,1.52
298,Rockland,US,2018-04-05,1.0,47.0,42.13,-70.92,41.0,17.85
299,Edson,CA,2018-04-05,1.0,77.0,53.59,-116.44,5.0,4.7
300,Lagos,NG,2018-04-05,20.0,88.0,6.46,3.39,80.6,6.55
301,Knysna,ZA,2018-04-05,75.0,93.0,-34.04,23.05,64.4,2.24
302,Adwa,ET,2018-04-05,0.0,60.0,14.16,38.9,67.05,3.65
303,Chernyshevskiy,RU,2018-04-05,36.0,67.0,63.01,112.47,26.01,6.89
304,Sechura,PE,2018-04-05,80.0,78.0,-5.56,-80.82,71.73,9.24
306,Anlu,CN,2018-04-05,100.0,99.0,31.26,113.68,43.74,16.28
307,Abashiri,JP,2018-04-05,75.0,29.0,44.01,144.25,39.2,8.05
308,Aragats,AM,2018-04-05,0.0,42.0,40.22,44.23,46.4,3.36
309,Hithadhoo,MV,2018-04-05,64.0,100.0,-0.6,73.08,84.51,6.33
311,Melton,AU,2018-04-05,20.0,55.0,-37.68,144.58,66.2,10.29
312,Kuching,MY,2018-04-05,75.0,70.0,1.56,110.34,91.4,4.7
313,Ambilobe,MG,2018-04-05,12.0,96.0,-13.19,49.05,80.55,2.19
315,Dunedin,NZ,2018-04-04,0.0,41.0,-45.87,170.5,64.71,8.01
316,Kerrville,US,2018-04-05,90.0,47.0,30.05,-99.14,59.0,4.7
317,Tupik,RU,2018-04-05,24.0,31.0,54.43,119.94,28.8,7.11
318,Southbridge,NZ,2018-04-05,1.0,47.0,42.08,-72.03,39.2,13.38
319,Wilmington,US,2018-04-05,20.0,40.0,39.75,-75.55,39.2,25.28
320,Brandon,US,2018-04-05,1.0,79.0,43.59,-96.57,24.8,3.36
322,Belvidere,US,2018-04-05,75.0,63.0,42.26,-88.84,26.6,11.41
323,Anan,JP,2018-04-05,75.0,62.0,33.91,134.64,57.2,8.05
324,San cristobal,EC,2018-04-05,75.0,76.0,-0.39,-78.55,53.6,6.93
325,Tautira,PF,2018-04-05,75.0,69.0,-17.73,-149.15,82.4,2.24
326,Zaragoza,SV,2018-04-05,20.0,81.0,41.65,-0.88,46.4,2.24
327,San roque,PH,2018-04-05,24.0,100.0,0.3,-78.23,46.8,0.18
328,Calatagan,PH,2018-04-05,12.0,92.0,13.88,120.65,83.52,15.28
329,Mattru,SL,2018-04-05,92.0,92.0,7.62,-11.83,76.95,3.31
330,Caravelas,BR,2018-04-05,92.0,100.0,-17.73,-39.27,80.46,16.73
331,Rorvik,NO,2018-04-05,75.0,80.0,64.86,11.24,35.6,4.7
332,Jega,NG,2018-04-05,20.0,72.0,12.22,4.38,69.66,3.98
333,Venezuela,CU,2018-04-05,8.0,95.0,21.74,-78.8,72.9,4.65
334,Grindavik,IS,2018-04-05,0.0,58.0,63.84,-22.43,26.6,5.82
335,Danshui,CN,2018-04-05,88.0,78.0,22.81,114.46,77.22,8.46
336,Huittinen,FI,2018-04-05,75.0,100.0,61.18,22.7,37.4,4.7
337,Peleduy,RU,2018-04-05,56.0,65.0,59.63,112.75,22.77,5.77
338,Goya,AR,2018-04-05,0.0,85.0,-29.14,-59.27,63.81,5.44
339,Barahan,PH,2018-04-05,56.0,100.0,13.01,120.76,80.37,3.42
340,Road town,VG,2018-04-05,1.0,100.0,18.42,-64.62,73.4,4.7
341,Sao borja,BR,2018-04-05,0.0,93.0,-28.66,-56.0,62.82,2.98
342,Zaranj,AF,2018-04-05,0.0,19.0,30.95,61.86,80.6,28.86
343,Aswan,EG,2018-04-05,0.0,42.0,24.09,32.9,68.0,8.05
344,Lagoa,PT,2018-04-05,0.0,76.0,37.14,-8.45,55.4,8.05
345,Werda,BW,2018-04-05,75.0,87.0,50.44,12.3,42.8,12.75
346,Xuanhua,CN,2018-04-05,12.0,74.0,40.61,115.04,34.47,11.81
348,Punto fijo,VE,2018-04-05,0.0,83.0,11.69,-70.21,76.32,13.94
349,Bani walid,LY,2018-04-05,0.0,51.0,31.76,14.0,65.61,17.52
350,Normal,US,2018-04-05,1.0,74.0,40.51,-88.99,30.2,3.65
351,Bulzesti,RO,2018-04-05,48.0,71.0,44.53,23.88,53.6,2.24
353,Dapaong,TG,2018-04-05,36.0,89.0,10.86,0.2,73.98,9.69
354,Richards bay,ZA,2018-04-05,12.0,80.0,-28.77,32.06,76.05,6.89
355,Huzhou,CN,2018-04-05,92.0,83.0,30.86,120.1,64.26,5.66
356,Catalao,BR,2018-04-05,8.0,89.0,-18.17,-47.95,65.97,0.96
357,Mandera,KE,2018-04-05,88.0,100.0,3.94,41.86,73.53,4.32
358,Eirunepe,BR,2018-04-05,80.0,96.0,-6.66,-69.87,74.16,2.08
359,Custoias,PT,2018-04-05,8.0,96.0,41.11,-7.32,36.27,2.42
360,Tangara,BR,2018-04-05,88.0,90.0,-2.92,29.97,61.65,3.87
361,Volchikha,RU,2018-04-05,0.0,89.0,52.02,80.36,35.1,7.78
362,Viramgam,IN,2018-04-05,0.0,26.0,23.12,72.05,93.2,9.17
363,Santo antonio,BR,2018-04-05,92.0,100.0,-4.7,-40.67,67.95,3.42
364,Aurora,BR,2018-04-05,40.0,73.0,41.76,-88.32,30.2,5.82
365,Duku,NG,2018-04-05,20.0,84.0,11.24,4.91,72.27,3.76
367,Mahebourg,MU,2018-04-05,75.0,88.0,-20.41,57.7,77.0,4.7
368,Houston,CA,2018-04-05,1.0,45.0,29.76,-95.37,62.6,5.82
369,Great yarmouth,GB,2018-04-05,75.0,86.0,52.61,1.73,39.2,13.87
370,Yelan-koleno,RU,2018-04-05,20.0,97.0,51.15,41.22,33.03,2.53
371,Victoria,SC,2018-04-05,75.0,70.0,5.28,115.24,89.6,8.05
372,Teahupoo,PF,2018-04-05,75.0,69.0,-17.83,-149.27,82.4,2.24
373,Teknaf,BD,2018-04-05,0.0,48.0,20.86,92.31,90.63,4.21
374,Mathbaria,BD,2018-04-05,0.0,57.0,22.29,89.96,91.08,8.68
375,Coihaique,CL,2018-04-05,90.0,86.0,-45.58,-72.07,37.4,8.05
376,Inverell,AU,2018-04-05,0.0,57.0,-29.78,151.11,70.38,5.99
378,Ardesen,TR,2018-04-05,0.0,46.0,41.19,40.99,53.6,17.22
379,Plettenberg bay,ZA,2018-04-05,76.0,95.0,-34.05,23.37,64.71,6.67
381,Puksoozero,RU,2018-04-05,24.0,88.0,62.59,40.61,26.91,10.13
382,Khani,RU,2018-04-05,0.0,50.0,41.96,42.96,53.6,16.11
383,Bhatkal,IN,2018-04-05,20.0,97.0,13.97,74.57,85.5,4.32
385,Hendek,TR,2018-04-05,0.0,100.0,40.8,30.75,42.8,3.98
386,Joshimath,IN,2018-04-05,12.0,95.0,30.57,79.57,26.46,0.4
387,Vila,VU,2018-04-05,90.0,100.0,45.18,8.4,46.4,4.7
388,Port hueneme,US,2018-04-05,75.0,87.0,34.15,-119.2,57.2,2.19
389,Otofuke,JP,2018-04-05,20.0,32.0,43.02,143.2,41.0,10.29
390,Sokoto,NG,2018-04-05,8.0,33.0,13.06,5.24,66.6,5.44
392,Baie-comeau,CA,2018-04-05,90.0,92.0,49.22,-68.15,23.0,13.87
393,Itamaraju,BR,2018-04-05,44.0,92.0,-17.04,-39.53,71.28,4.99
394,Markala,ML,2018-04-05,0.0,31.0,13.69,-6.07,76.5,8.46
395,Wilkie,CA,2018-04-05,1.0,61.0,52.41,-108.71,14.0,10.29
397,Bereda,SO,2018-04-05,0.0,81.0,43.27,-7.54,48.2,10.29
399,General roca,AR,2018-04-05,75.0,30.0,-39.03,-67.58,57.2,14.99
400,Prachuap khiri khan,TH,2018-04-05,20.0,92.0,11.81,99.79,82.17,4.21
401,Beatrice,US,2018-04-05,1.0,59.0,40.27,-96.75,37.4,8.05
402,Edd,ER,2018-04-05,8.0,34.0,13.93,41.69,88.29,3.65
403,Beringovskiy,RU,2018-04-05,68.0,96.0,63.05,179.32,20.61,21.09
406,Trairi,BR,2018-04-05,80.0,100.0,-3.28,-39.27,78.84,6.11
407,Morada nova,BR,2018-04-05,56.0,99.0,-5.1,-38.37,71.91,3.42
408,Krasnaya gora,RU,2018-04-05,80.0,93.0,53.01,31.6,41.0,13.42
409,Nea karvali,GR,2018-04-05,0.0,81.0,40.96,24.51,50.0,2.64
410,Riverton,US,2018-04-05,90.0,55.0,43.02,-108.38,44.6,5.82
412,Yaan,CN,2018-04-05,0.0,84.0,7.38,8.57,76.68,11.81
413,Byron bay,AU,2018-04-05,40.0,57.0,-28.65,153.62,80.6,16.11
415,Batasan,PH,2018-04-05,75.0,58.0,14.89,120.71,87.8,11.41
416,Kulachi,PK,2018-04-05,56.0,45.0,31.93,70.46,81.81,3.2
417,Kloulklubed,PW,2018-04-05,75.0,94.0,7.04,134.26,77.0,5.82
418,Lucapa,AO,2018-04-05,80.0,94.0,-8.42,20.74,68.85,4.09
419,Alabaster,US,2018-04-05,1.0,61.0,33.24,-86.82,46.4,4.99
420,Bagdarin,RU,2018-04-05,64.0,36.0,54.44,113.59,23.49,3.76
424,Utica,US,2018-04-05,90.0,68.0,43.1,-75.23,24.8,31.09
425,Paris,US,2018-04-05,0.0,75.0,48.86,2.35,44.6,9.17
426,Barrow,US,2018-04-05,36.0,62.0,-38.31,-60.23,68.85,14.27
427,Broome,AU,2018-04-05,75.0,86.0,52.47,1.45,39.2,13.87
428,Montevideo,UY,2018-04-05,1.0,85.0,44.94,-95.72,21.2,5.82
429,Ambam,CM,2018-04-05,0.0,82.0,9.52,8.32,62.55,2.64
430,Constitucion,MX,2018-04-05,8.0,23.0,23.99,-104.67,49.32,8.68
431,Tateyama,JP,2018-04-05,75.0,57.0,36.66,137.31,51.8,12.75
432,Huangpu,CN,2018-04-05,75.0,82.0,31.23,121.48,57.2,8.95
433,San joaquin,BO,2018-04-05,32.0,78.0,10.59,122.14,82.17,11.25
434,Rubtsovsk,RU,2018-04-05,0.0,100.0,51.53,81.22,31.23,6.44
435,Bathsheba,BB,2018-04-05,40.0,83.0,13.22,-59.52,77.0,13.87
436,Vanavara,RU,2018-04-05,68.0,59.0,60.35,102.28,17.1,8.79
437,Totoral,BO,2018-04-05,0.0,64.0,-18.5,-66.87,25.2,2.86
438,Marawi,SD,2018-04-05,32.0,98.0,8.0,124.29,74.7,2.42
439,Cleburne,US,2018-04-05,1.0,53.0,32.35,-97.39,51.8,5.82
440,Rocha,UY,2018-04-05,0.0,95.0,-34.48,-54.34,58.77,5.77
441,Copacabana,BO,2018-04-05,75.0,100.0,6.35,-75.51,57.2,2.24
442,Yuncheng,CN,2018-04-05,88.0,81.0,35.03,111.0,49.95,3.65
443,Biu,NG,2018-04-05,12.0,26.0,10.61,12.19,70.83,6.44
444,Tiksi,RU,2018-04-05,36.0,82.0,71.64,128.87,9.99,4.09
446,Upernavik,GL,2018-04-05,44.0,90.0,72.79,-56.15,6.03,9.46
447,Shimoda,JP,2018-04-05,75.0,71.0,34.7,138.93,57.2,14.99
448,Goldap,PL,2018-04-05,88.0,88.0,54.31,22.3,49.77,10.02
449,Patacamaya,BO,2018-04-05,0.0,63.0,-17.23,-67.92,27.27,1.74
450,Grafton,AU,2018-04-05,68.0,66.0,-29.69,152.93,73.17,4.54
451,Shenjiamen,CN,2018-04-05,92.0,93.0,29.96,122.3,62.01,10.69
452,Floro,NO,2018-04-05,75.0,100.0,61.6,5.03,33.8,3.36
453,Quatre cocos,MU,2018-04-05,75.0,88.0,-20.21,57.76,77.0,4.7
455,Nizhniy kuranakh,RU,2018-04-05,44.0,48.0,58.84,125.49,18.9,7.67
456,Pisco,PE,2018-04-05,0.0,82.0,-13.71,-76.2,66.2,3.36
457,Puerto ayacucho,VE,2018-04-05,92.0,96.0,5.66,-67.63,72.99,2.75
458,Bilopillya,UA,2018-04-05,44.0,92.0,51.15,34.31,40.5,9.8
459,Marrakesh,MA,2018-04-05,0.0,66.0,31.63,-7.99,55.4,2.24
460,Mokolo,CM,2018-04-05,0.0,27.0,10.74,13.8,68.67,5.99
461,Almaznyy,RU,2018-04-05,20.0,92.0,48.03,40.04,46.71,3.42
462,Mahajanga,MG,2018-04-05,20.0,78.0,-15.72,46.32,80.6,4.7
463,Smolenka,RU,2018-04-05,48.0,90.0,54.15,22.76,49.05,9.57
464,Mora,CM,2018-04-05,20.0,84.0,38.94,-8.17,42.57,5.1
465,Shenzhen,CN,2018-04-05,40.0,54.0,22.54,114.05,84.2,3.36
466,Tahe,CN,2018-04-05,0.0,25.0,52.34,124.71,29.97,11.03
467,Ranfurly,NZ,2018-04-05,0.0,60.0,53.41,-111.68,3.51,10.25
468,Doaba,PK,2018-04-05,0.0,74.0,33.42,70.74,72.63,2.64
469,Mountain home,US,2018-04-05,75.0,81.0,43.13,-115.69,55.4,8.05
470,Kollo,NE,2018-04-05,0.0,11.0,13.34,2.32,78.8,1.12
472,Geraldton,AU,2018-04-05,5.0,54.0,49.72,-86.95,3.2,3.36
473,Nakamura,JP,2018-04-05,75.0,63.0,35.17,136.87,60.8,9.17
474,Chachapoyas,PE,2018-04-05,44.0,92.0,-6.23,-77.87,55.17,1.97
475,Angoche,MZ,2018-04-05,64.0,100.0,-16.23,39.91,84.42,6.33
478,Lander,US,2018-04-05,1.0,41.0,42.83,-108.73,42.8,3.36
480,Albany,AU,2018-04-05,40.0,50.0,42.65,-73.75,30.2,25.28
481,Goderich,SL,2018-04-05,76.0,73.0,43.74,-81.71,25.2,18.41
482,Oster,UA,2018-04-05,0.0,76.0,50.95,30.88,50.0,6.71
483,Tshikapa,CD,2018-04-05,92.0,100.0,-6.42,20.79,68.85,2.86
484,Najran,SA,2018-04-05,0.0,22.0,17.54,44.22,77.0,4.7
485,Punta arenas,CL,2018-04-05,90.0,86.0,-53.16,-70.91,39.2,8.05
486,Moron,CU,2018-04-05,92.0,96.0,10.49,-68.2,69.03,3.09
487,Winnemucca,US,2018-04-05,90.0,57.0,40.97,-117.74,51.8,5.82
488,Praia da vitoria,PT,2018-04-05,40.0,71.0,38.73,-27.07,53.6,36.86
489,Tripoli,LY,2018-04-05,40.0,71.0,37.51,22.37,53.6,1.74
490,Presidencia roque saenz pena,AR,2018-04-05,20.0,90.0,-26.79,-60.44,67.32,3.76
491,Mareeba,AU,2018-04-05,40.0,66.0,-16.99,145.42,84.2,8.05
492,Vila franca do campo,PT,2018-04-05,75.0,76.0,37.72,-25.43,57.2,27.51
493,Rush,IE,2018-04-05,90.0,58.0,40.31,-81.37,32.0,5.82
494,Mata,CN,2018-04-05,75.0,88.0,22.63,-79.93,73.4,4.7
495,Alcudia,ES,2018-04-05,0.0,100.0,39.85,3.12,44.6,5.32
496,Necochea,AR,2018-04-05,8.0,69.0,-38.55,-58.74,66.78,11.81
497,Kuytun,RU,2018-04-05,32.0,47.0,54.34,101.51,23.85,4.09
498,Muriwai beach,NZ,2018-04-04,0.0,72.0,-36.82,174.45,68.0,13.87
499,Granada,NI,2018-04-05,20.0,61.0,11.93,-85.96,80.6,9.17
500,Kysyl-syr,RU,2018-04-05,0.0,43.0,63.9,122.77,20.61,10.36
501,Nogliki,RU,2018-04-05,80.0,90.0,51.8,143.14,28.08,20.54
502,San patricio,MX,2018-04-05,12.0,90.0,-26.98,-56.83,65.34,2.19
503,Casas grandes,MX,2018-04-05,0.0,55.0,30.15,-110.24,55.53,2.08
506,Muna,MX,2018-04-05,40.0,93.0,42.14,8.85,57.2,4.7
507,Juli,PE,2018-04-05,12.0,100.0,-16.21,-69.46,26.37,3.65
508,Prince albert,CA,2018-04-05,40.0,47.0,53.2,-105.75,12.2,10.29
509,Zhangye,CN,2018-04-05,80.0,79.0,38.94,100.46,26.1,16.84
510,Sheridan,US,2018-04-05,1.0,48.0,39.65,-105.03,53.6,3.36
511,Adrar,DZ,2018-04-05,56.0,25.0,27.87,-0.29,66.2,6.93
512,Rena,NO,2018-04-05,92.0,97.0,61.13,11.37,32.4,3.31
513,Hauterive,CA,2018-04-05,75.0,76.0,46.09,3.45,48.2,3.36
515,Ukhta,RU,2018-04-05,88.0,74.0,63.56,53.68,34.38,7.34
516,Velingrad,BG,2018-04-05,0.0,81.0,42.03,23.99,51.8,3.36
517,Lavumisa,SZ,2018-04-05,0.0,78.0,-27.31,31.88,72.36,3.76
518,Mansehra,PK,2018-04-05,0.0,43.0,34.33,73.2,75.6,2.3
519,Hit,IQ,2018-04-05,0.0,30.0,33.64,42.83,65.97,8.68
520,Caledon east,CA,2018-04-05,90.0,73.0,43.87,-79.87,26.6,9.17
521,Sioux lookout,CA,2018-04-05,5.0,79.0,50.1,-91.92,19.4,5.82
523,A coruna,ES,2018-04-05,0.0,81.0,43.37,-8.4,48.2,10.29
524,Elko,US,2018-04-05,1.0,69.0,40.83,-115.76,39.2,2.19
525,San juan,US,2018-04-05,0.0,62.0,-31.54,-68.53,55.26,1.86
526,Astana,KZ,2018-04-05,0.0,91.0,51.13,71.43,32.0,11.18
527,Satna,IN,2018-04-05,0.0,23.0,24.58,80.83,100.53,5.1
528,Viedma,AR,2018-04-05,92.0,28.0,-40.81,-62.99,66.78,16.06
529,Bananeiras,BR,2018-04-05,88.0,89.0,-6.75,-35.63,76.59,4.21
530,Isangel,VU,2018-04-04,48.0,100.0,-19.55,169.27,80.19,12.15
531,Flinders,AU,2018-04-05,0.0,58.0,-34.58,150.85,82.4,10.29
532,Alofi,NU,2018-04-05,88.0,88.0,-19.06,-169.92,80.6,10.29
533,Punta cardon,VE,2018-04-05,0.0,83.0,11.61,-70.22,76.32,13.94
534,Santa barbara,US,2018-04-05,1.0,93.0,34.42,-119.7,57.2,17.74
536,Ostersund,SE,2018-04-05,75.0,92.0,63.18,14.64,23.0,5.82
537,Kitgum,UG,2018-04-05,24.0,93.0,3.3,32.88,69.75,2.42
538,Kurtamysh,RU,2018-04-05,8.0,100.0,54.91,64.43,33.48,7.34
539,Praxedis guerrero,MX,2018-04-05,1.0,16.0,31.37,-106.02,66.2,8.68
543,Lincoln,NZ,2018-04-05,20.0,74.0,53.23,-0.54,37.4,9.17
545,Waitara,NZ,2018-04-04,0.0,93.0,-39.0,174.24,65.25,10.69
546,Butzow,DE,2018-04-05,40.0,76.0,52.49,12.6,50.0,9.17
547,Padang,ID,2018-04-05,76.0,100.0,-0.92,100.36,82.53,5.32
548,Tual,ID,2018-04-05,12.0,100.0,-5.67,132.75,83.97,9.46
549,Xining,CN,2018-04-05,24.0,32.0,36.62,101.77,44.55,17.4
550,Longuenesse,FR,2018-04-05,90.0,75.0,50.74,2.25,44.6,12.75
551,Komsomolskiy,RU,2018-04-05,68.0,97.0,67.55,63.78,23.31,6.44
552,Mecatlan,MX,2018-04-05,92.0,98.0,20.21,-97.68,65.43,5.32
553,Chimbote,PE,2018-04-05,68.0,98.0,-9.08,-78.59,66.6,5.88
554,Kaifeng,CN,2018-04-05,90.0,86.0,34.8,114.35,41.0,2.24
556,Gushikawa,JP,2018-04-05,20.0,61.0,26.35,127.87,77.0,11.41
557,Siguiri,GN,2018-04-05,0.0,78.0,11.42,-9.17,72.81,6.78
558,Panguna,PG,2018-04-05,24.0,86.0,-6.32,155.48,81.18,3.53
559,Hermanus,ZA,2018-04-05,44.0,99.0,-34.42,19.24,60.84,2.75
560,Dieppe,FR,2018-04-05,90.0,81.0,49.92,1.08,42.8,11.41
561,Nieuw amsterdam,SR,2018-04-05,0.0,94.0,5.88,-55.08,73.4,2.24
562,Borogontsy,RU,2018-04-05,44.0,59.0,62.67,131.17,33.84,9.69
563,Pereleshinskiy,RU,2018-04-05,75.0,74.0,51.71,40.2,37.4,6.71
564,Pacific grove,US,2018-04-05,1.0,71.0,36.62,-121.92,57.2,2.98
565,Ixtapa,MX,2018-04-05,5.0,100.0,20.71,-105.21,69.8,1.41
566,Kijang,ID,2018-04-05,90.0,71.0,35.24,129.21,51.8,6.93
567,Edea,CM,2018-04-05,75.0,100.0,3.8,10.13,78.8,6.78
568,Butaritari,KI,2018-04-04,68.0,100.0,3.07,172.79,78.48,1.52
569,Izhma,RU,2018-04-05,88.0,76.0,65.01,53.91,35.37,7.56
570,Olinda,BR,2018-04-05,90.0,88.0,-2.03,-79.75,75.2,8.05
571,Morehead,PG,2018-04-05,1.0,72.0,38.18,-83.43,32.0,4.7
572,Cherskiy,RU,2018-04-05,0.0,78.0,68.75,161.3,30.33,2.64
573,Kaitong,CN,2018-04-05,88.0,48.0,44.81,123.15,38.25,13.27
574,Khovu-aksy,RU,2018-04-05,0.0,38.0,51.13,93.72,24.48,3.2
575,Daru,PG,2018-04-05,80.0,94.0,7.99,-10.85,73.44,3.98
576,New norfolk,AU,2018-04-05,75.0,40.0,-42.78,147.06,69.8,13.87
578,Moissac,FR,2018-04-05,90.0,87.0,44.11,1.08,48.2,5.82
579,Zaozerne,UA,2018-04-05,0.0,80.0,51.37,23.94,53.28,13.15
580,Shu,KZ,2018-04-05,0.0,42.0,43.6,73.76,67.95,4.65
581,Puerto colombia,CO,2018-04-05,75.0,83.0,10.99,-74.96,78.8,9.17
582,Bongandanga,CD,2018-04-05,88.0,95.0,1.51,21.07,72.09,2.3
584,Sindor,RU,2018-04-05,44.0,81.0,62.87,51.9,33.03,8.23
585,Spencer,US,2018-04-05,90.0,86.0,43.14,-95.14,32.0,8.05
586,Thanyaburi,TH,2018-04-05,40.0,66.0,14.02,100.73,89.6,6.93
587,Igrim,RU,2018-04-05,32.0,71.0,63.19,64.42,35.91,8.79
588,Katangli,RU,2018-04-05,80.0,90.0,51.71,143.23,28.08,20.54
589,Sosnovo-ozerskoye,RU,2018-04-05,88.0,61.0,52.53,111.54,27.27,10.69
590,Eydhafushi,MV,2018-04-05,20.0,100.0,5.1,73.07,84.42,6.78
591,Abu zabad,SD,2018-04-05,0.0,37.0,12.35,29.25,79.11,4.32
592,Santa elena,MX,2018-04-05,88.0,97.0,-2.23,-80.86,73.71,9.69
593,Sao joaquim do monte,BR,2018-04-05,92.0,100.0,-8.43,-35.8,69.93,3.2
594,Odienne,CI,2018-04-05,0.0,85.0,9.51,-7.57,72.81,8.9
595,Vila velha,BR,2018-04-05,0.0,88.0,-3.71,-38.6,78.8,2.24
596,Banes,CU,2018-04-05,20.0,94.0,20.96,-75.72,71.6,4.7
597,Pareora,NZ,2018-04-04,0.0,64.0,-44.49,171.21,63.27,10.13
598,Vestmanna,FO,2018-04-05,0.0,86.0,62.16,-7.17,28.4,12.75
599,San ramon,PH,2018-04-05,100.0,85.0,12.92,-85.84,68.58,1.97
600,Bulalacao,PH,2018-04-05,0.0,79.0,13.7,123.78,82.98,9.01
601,Bonthe,SL,2018-04-05,92.0,91.0,7.53,-12.5,79.11,3.76
602,Bat yam,IL,2018-04-05,0.0,67.0,32.02,34.75,62.6,2.24
603,Kushiro,JP,2018-04-05,75.0,30.0,43.11,144.15,42.8,14.99
604,Severo-yeniseyskiy,RU,2018-04-05,88.0,64.0,60.37,93.04,23.13,8.9
605,Egvekinot,RU,2018-04-06,0.0,73.0,66.32,-179.17,12.06,7.78
606,Buraydah,SA,2018-04-05,20.0,94.0,26.33,43.97,68.0,6.93
607,Miyang,CN,2018-04-05,0.0,40.0,24.4,103.44,75.78,9.01
608,Kathu,ZA,2018-04-05,24.0,88.0,-27.7,23.05,57.78,3.2
609,Batemans bay,AU,2018-04-05,36.0,86.0,-35.71,150.18,71.91,3.42
610,Juegang,CN,2018-04-05,92.0,100.0,32.31,121.18,49.95,19.08
611,Pakokku,MM,2018-04-05,0.0,60.0,21.33,95.09,89.28,3.98
612,Basco,PH,2018-04-05,20.0,63.0,40.33,-91.2,30.2,4.7
614,Irpa irpa,BO,2018-04-05,75.0,72.0,-17.72,-66.29,60.8,6.93
615,Sassandra,CI,2018-04-05,88.0,99.0,4.95,-6.09,80.91,7.67
616,Lompoc,US,2018-04-05,40.0,87.0,34.64,-120.46,55.4,5.77
617,Katsuura,JP,2018-04-05,75.0,62.0,33.93,134.5,57.2,8.05
618,Ripky,UA,2018-04-05,64.0,89.0,51.8,31.09,51.48,11.25
619,Muli,MV,2018-04-05,0.0,27.0,22.62,71.45,96.48,9.69
620,Kigorobya,UG,2018-04-05,76.0,100.0,1.62,31.31,74.97,3.65
621,Tulun,RU,2018-04-05,24.0,53.0,54.56,100.58,24.48,4.43
623,Sikonge,TZ,2018-04-05,20.0,92.0,-5.63,32.75,67.77,4.43
624,Pasni,PK,2018-04-05,44.0,77.0,25.26,63.48,82.17,5.21
625,Sisimiut,GL,2018-04-05,88.0,87.0,66.94,-53.67,13.14,1.74
626,Ewa beach,US,2018-04-05,90.0,69.0,21.32,-158.01,80.6,6.93
627,Vanimo,PG,2018-04-05,0.0,97.0,-2.67,141.3,84.51,19.08
628,Cristalina,BR,2018-04-05,32.0,89.0,-16.77,-47.61,63.0,2.64
629,Salym,RU,2018-04-05,76.0,71.0,60.06,71.48,39.06,10.25
631,Volnoye,RU,2018-04-05,0.0,53.0,44.63,40.7,48.87,3.65
632,Dzilam gonzalez,MX,2018-04-05,0.0,54.0,21.28,-88.93,80.1,6.55
633,Katobu,ID,2018-04-05,76.0,75.0,-4.94,122.53,88.83,2.19
635,Tamasopo,MX,2018-04-05,88.0,95.0,21.92,-99.39,59.4,3.09
636,Santa cruz del sur,CU,2018-04-05,0.0,95.0,20.71,-78.0,69.48,3.2
637,Rundu,NA,2018-04-05,88.0,86.0,-17.91,19.77,65.16,15.84
638,Middelburg,NL,2018-04-05,56.0,91.0,-25.77,29.46,58.23,4.09
639,Barstow,US,2018-04-05,1.0,30.0,31.46,-103.39,57.2,6.93
640,Apac,UG,2018-04-05,80.0,98.0,1.98,32.53,71.37,5.66
641,Boca do acre,BR,2018-04-05,0.0,96.0,-8.76,-67.39,74.25,2.08
643,Wembley,CA,2018-04-05,20.0,80.0,51.55,-0.3,42.8,8.05
644,Santa vitoria do palmar,BR,2018-04-05,0.0,96.0,-33.52,-53.37,59.58,4.21
645,Zabol,IR,2018-04-05,8.0,19.0,31.03,61.49,80.6,28.86
647,Shingu,JP,2018-04-05,40.0,72.0,33.72,135.99,64.4,12.75
648,Semnan,IR,2018-04-05,90.0,22.0,35.58,53.39,66.2,4.7
649,Wajid,SO,2018-04-05,100.0,100.0,3.81,43.25,72.27,1.19
650,Iturama,BR,2018-04-05,24.0,83.0,-19.73,-50.2,68.13,1.07
651,Abu samrah,QA,2018-04-05,0.0,53.0,35.3,37.18,59.85,5.77
652,Sibu,MY,2018-04-05,75.0,59.0,2.29,111.83,91.4,3.36
653,Salta,AR,2018-04-05,0.0,77.0,-24.79,-65.41,66.2,5.82
654,Pizarro,CO,2018-04-05,88.0,97.0,4.95,-77.37,77.67,3.53
655,Skegness,GB,2018-04-05,20.0,69.0,53.14,0.34,39.2,13.87
656,Garmsar,IR,2018-04-05,92.0,56.0,35.22,52.34,57.33,1.3
657,Petrozavodsk,RU,2018-04-05,0.0,98.0,61.79,34.39,33.8,2.24
658,Den helder,NL,2018-04-05,90.0,93.0,52.96,4.76,42.8,20.8
659,Turan,RU,2018-04-05,0.0,60.0,52.15,93.92,22.23,2.75
660,Micheweni,TZ,2018-04-05,80.0,100.0,-4.97,39.83,80.91,13.27
661,Fengzhen,CN,2018-04-05,0.0,77.0,40.43,113.15,33.39,20.54
662,Scarborough,TT,2018-04-05,0.0,74.0,54.28,-0.41,35.6,9.17
663,Tondano,ID,2018-04-05,40.0,70.0,1.3,124.91,86.0,9.17
664,Tiarei,PF,2018-04-05,75.0,69.0,-17.53,-149.33,82.4,2.24
665,Northam,AU,2018-04-05,0.0,99.0,51.04,-4.21,37.4,3.36
666,Tralee,IE,2018-04-05,75.0,65.0,37.56,-81.4,32.0,4.76
668,Port elizabeth,ZA,2018-04-05,1.0,41.0,39.31,-74.98,41.0,18.34
669,Trondheim,NO,2018-04-05,75.0,93.0,63.43,10.4,33.8,3.36
670,Tikrit,IQ,2018-04-05,0.0,31.0,34.62,43.68,73.08,4.43
671,Shahr-e babak,IR,2018-04-05,0.0,26.0,30.12,55.12,66.69,5.21
672,La asuncion,VE,2018-04-05,92.0,97.0,-1.64,-78.74,45.72,1.41
673,Colquiri,BO,2018-04-05,0.0,76.0,-17.42,-67.13,22.68,2.86
674,Koshurnikovo,RU,2018-04-05,48.0,50.0,54.3,93.39,24.84,6.44
675,Modasa,IN,2018-04-05,36.0,29.0,23.47,73.3,95.13,8.23
676,Bambous virieux,MU,2018-04-05,75.0,88.0,-20.34,57.76,77.0,4.7
677,Filingue,NE,2018-04-05,0.0,41.0,14.35,3.32,67.77,5.21
678,Mitsamiouli,KM,2018-04-05,75.0,83.0,-11.38,43.28,78.8,2.24
679,Camacha,PT,2018-04-05,40.0,76.0,33.08,-16.33,59.0,2.98
680,Haines junction,CA,2018-04-05,8.0,67.0,60.75,-137.51,0.0,1.74
681,Portland,AU,2018-04-05,90.0,76.0,45.52,-122.67,53.6,5.82
682,Horasan,TR,2018-04-05,0.0,64.0,40.04,42.16,37.71,1.63
683,Kapaa,US,2018-04-05,75.0,94.0,22.08,-159.32,77.0,13.87
684,Cockburn town,TC,2018-04-05,80.0,100.0,21.46,-71.14,74.88,9.57
685,Zhigansk,RU,2018-04-05,24.0,57.0,66.77,123.37,16.56,8.68
686,Mwanza,MW,2018-04-05,75.0,94.0,-2.52,32.9,68.0,5.82
687,Kampong thum,KH,2018-04-05,24.0,67.0,12.71,104.89,89.82,5.44
688,Lebu,CL,2018-04-05,75.0,82.0,8.96,38.73,57.2,4.7
690,Huallanca,PE,2018-04-05,92.0,98.0,-9.9,-76.94,40.95,3.2
691,Lourdes,FR,2018-04-05,75.0,88.0,13.73,-89.37,78.8,2.19
692,Herat,AF,2018-04-05,0.0,52.0,34.35,62.22,66.2,6.93
693,Khandyga,RU,2018-04-05,8.0,59.0,62.65,135.58,37.35,3.98
694,Lao cai,VN,2018-04-05,0.0,74.0,22.48,103.95,75.15,1.63
695,Port perry,CA,2018-04-05,1.0,62.0,44.1,-78.95,26.6,13.87
696,Qandala,SO,2018-04-05,0.0,65.0,11.47,49.87,82.71,0.74
697,Pattaya,TH,2018-04-05,20.0,62.0,12.93,100.9,87.8,11.41
698,Castro,CL,2018-04-05,92.0,78.0,-42.48,-73.76,48.87,13.27
699,Port shepstone,ZA,2018-04-05,20.0,91.0,-30.74,30.45,75.24,3.53
700,Vihti,FI,2018-04-05,90.0,100.0,60.42,24.32,35.6,3.36
701,San rafael,AR,2018-04-05,0.0,41.0,-34.61,-68.33,53.1,2.98
702,Saint-pierre,PM,2018-04-05,90.0,81.0,48.95,4.24,48.2,17.22
703,Linares,CL,2018-04-05,64.0,96.0,-35.85,-71.6,49.86,2.3
704,Pangai,TO,2018-04-05,75.0,83.0,-19.8,-174.35,78.8,11.41
705,Nelson bay,AU,2018-04-05,20.0,61.0,-32.72,152.14,80.6,11.41
707,Papara,PF,2018-04-05,0.0,88.0,-3.98,-38.73,78.8,2.24
708,Dogondoutchi,NE,2018-04-05,0.0,26.0,13.64,4.03,68.94,7.11
709,Birao,CF,2018-04-05,0.0,41.0,10.3,22.78,75.87,4.99
710,Taoudenni,ML,2018-04-05,20.0,20.0,22.68,-3.98,67.77,6.89
711,Kilindoni,TZ,2018-04-05,92.0,100.0,-7.91,39.67,78.21,9.01
712,Rio gallegos,AR,2018-04-05,92.0,100.0,-51.62,-69.22,41.31,23.11
715,Kangaba,ML,2018-04-05,0.0,83.0,11.94,-8.41,70.65,2.98
716,Perelyub,RU,2018-04-05,92.0,97.0,51.87,50.37,33.57,10.92
717,Hay river,CA,2018-04-05,40.0,77.0,60.82,-115.79,-0.41,10.29
718,Morondava,MG,2018-04-05,0.0,78.0,-20.3,44.28,84.78,3.76
719,Orbetello,IT,2018-04-05,90.0,87.0,42.44,11.21,51.8,10.29
720,Leh,IN,2018-04-05,12.0,97.0,34.16,77.58,19.89,1.86
721,San pedro,PH,2018-04-05,0.0,80.0,-33.68,-59.66,62.28,2.75
723,Kosonsoy,UZ,2018-04-05,8.0,37.0,41.25,71.55,68.0,4.7
724,Gaillac,FR,2018-04-05,0.0,81.0,43.9,1.9,48.2,6.93
725,Kenai,US,2018-04-05,90.0,92.0,60.55,-151.26,26.6,9.17
726,Itaituba,BR,2018-04-05,92.0,100.0,-4.26,-55.99,71.19,1.97
728,Monte alegre de sergipe,BR,2018-04-05,56.0,84.0,-10.03,-37.56,74.25,6.22
729,Ponta do sol,CV,2018-04-05,56.0,94.0,-20.63,-46.0,63.45,2.86
730,Ostrovnoy,RU,2018-04-05,48.0,96.0,68.05,39.51,26.1,6.78
731,Matadi,CD,2018-04-05,92.0,100.0,-5.83,13.46,74.43,2.98
732,Pishva,IR,2018-04-05,75.0,50.0,35.31,51.73,66.2,23.04
733,Aleksandrovsk-sakhalinskiy,RU,2018-04-05,80.0,85.0,50.9,142.16,27.45,18.19
734,Ust-kuyga,RU,2018-04-05,36.0,84.0,70.0,135.55,15.75,4.21
735,Carapegua,PY,2018-04-05,0.0,92.0,-25.8,-57.23,64.98,2.19
736,Mount isa,AU,2018-04-05,75.0,26.0,-20.73,139.49,91.4,10.29
737,Sierpc,PL,2018-04-05,48.0,85.0,52.85,19.67,48.51,9.13
738,Russkaya polyana,RU,2018-04-05,0.0,95.0,53.78,73.88,31.05,14.5
739,Aquiraz,BR,2018-04-05,0.0,88.0,-3.9,-38.39,78.8,2.24
740,Srednekolymsk,RU,2018-04-05,0.0,74.0,67.46,153.71,41.4,3.42
741,Amalapuram,IN,2018-04-05,0.0,67.0,16.58,82.0,90.72,5.44
742,Meulaboh,ID,2018-04-05,36.0,100.0,4.14,96.13,83.52,4.21
743,Vitim,RU,2018-04-05,56.0,65.0,59.44,112.57,22.77,5.77
744,Ormond beach,US,2018-04-05,40.0,68.0,29.29,-81.06,69.8,11.41
745,Hualmay,PE,2018-04-05,48.0,97.0,-11.1,-77.61,63.54,4.43
746,Longyearbyen,SJ,2018-04-05,20.0,54.0,78.22,15.63,5.0,14.99
747,Soyo,AO,2018-04-05,68.0,95.0,-6.13,12.37,76.5,1.97
748,Lexington,US,2018-04-05,1.0,86.0,38.05,-84.5,30.2,2.98
749,San blas,MX,2018-04-05,0.0,78.0,21.54,-105.29,57.87,0.4
750,Karatau,KZ,2018-04-05,8.0,41.0,43.18,70.46,70.02,2.53
751,Hobyo,SO,2018-04-05,80.0,87.0,5.35,48.53,81.18,2.98
752,Ereymentau,KZ,2018-04-05,0.0,98.0,51.62,73.1,28.8,8.01
753,Birmitrapur,IN,2018-04-05,0.0,45.0,22.4,84.77,94.32,7.0
754,Jinchang,CN,2018-04-05,76.0,72.0,38.52,102.19,26.46,15.84
755,Soto la marina,MX,2018-04-05,88.0,89.0,23.77,-98.21,63.63,5.77
756,Kabin buri,TH,2018-04-05,12.0,73.0,13.95,101.72,90.72,5.88
757,Sur,OM,2018-04-05,0.0,78.0,22.57,59.53,83.88,1.97
758,Luanda,AO,2018-04-05,75.0,88.0,-8.83,13.24,78.8,2.24
759,Kavieng,PG,2018-04-05,0.0,99.0,-2.57,150.8,86.4,8.23
760,Manuk mangkaw,PH,2018-04-05,8.0,99.0,4.8,119.85,85.41,6.67
762,Intipuca,SV,2018-04-05,24.0,100.0,13.2,-88.05,78.39,7.34
764,Ancona,IT,2018-04-05,1.0,86.0,41.04,-88.87,28.4,3.36
765,Ahipara,NZ,2018-04-04,0.0,81.0,-35.17,173.16,67.32,12.26
766,Rikitea,PF,2018-04-05,56.0,100.0,-23.12,-134.97,77.76,5.88
767,Saint-augustin,CA,2018-04-05,0.0,87.0,44.83,-0.61,48.2,4.7
769,Jepara,ID,2018-04-05,24.0,83.0,-5.21,105.74,85.5,3.98
770,Saskylakh,RU,2018-04-05,0.0,80.0,71.97,114.09,8.64,15.84
771,Sept-iles,CA,2018-04-05,90.0,85.0,50.2,-66.38,21.2,8.05
773,Fredonia,US,2018-04-05,75.0,100.0,5.93,-75.67,57.2,2.24
774,Basoko,CD,2018-04-05,76.0,98.0,1.23,23.61,71.46,1.74
775,Maceio,BR,2018-04-05,40.0,94.0,-9.67,-35.74,75.2,3.36
776,Mizdah,LY,2018-04-05,12.0,59.0,31.45,12.98,62.46,12.48
777,Sao joao da barra,BR,2018-04-05,92.0,100.0,-21.64,-41.05,75.15,4.21
778,Palmer,US,2018-04-05,0.0,53.0,-34.85,139.16,71.6,9.17
779,Pangnirtung,CA,2018-04-05,56.0,81.0,66.15,-65.72,9.99,7.45
780,Port lincoln,AU,2018-04-05,0.0,84.0,-34.72,135.86,67.77,9.46
781,Penzance,GB,2018-04-05,20.0,100.0,50.12,-5.53,33.8,6.93
782,Canandaigua,US,2018-04-05,90.0,58.0,42.88,-77.28,28.4,16.11
783,Saint-gaudens,FR,2018-04-05,0.0,87.0,43.11,0.72,44.6,6.93
784,Santa,PE,2018-04-05,68.0,72.0,17.49,120.43,84.51,4.99
785,Loandjili,CG,2018-04-05,40.0,94.0,-4.77,11.87,75.2,2.24
786,Puerto quijarro,BO,2018-04-05,0.0,90.0,-19.0,-57.72,71.82,2.19
787,San fernando,MX,2018-04-05,90.0,93.0,-34.58,-70.99,60.8,8.05
788,Katherine,AU,2018-04-05,0.0,27.0,-14.47,132.26,98.6,5.82
789,Sorong,ID,2018-04-05,44.0,100.0,-0.86,131.25,83.16,5.32
790,Cayenne,GF,2018-04-05,75.0,94.0,4.94,-52.33,77.0,2.24
791,Gazojak,TM,2018-04-05,80.0,72.0,41.19,61.4,58.05,15.95
792,Kosikha,RU,2018-04-05,0.0,93.0,53.36,84.58,29.97,7.9
793,Binga,CD,2018-04-05,44.0,99.0,-17.62,27.34,72.27,8.34
794,Simdega,IN,2018-04-05,0.0,47.0,22.61,84.51,90.99,8.01
795,Ust-maya,RU,2018-04-05,36.0,64.0,60.42,134.54,33.3,9.01
796,Sembabule,UG,2018-04-05,76.0,100.0,-0.08,31.46,64.89,4.43
797,San policarpo,PH,2018-04-05,0.0,88.0,12.18,125.51,82.62,9.69
798,Polunochnoye,RU,2018-04-05,20.0,79.0,60.87,60.43,37.98,6.11
800,Bud,NO,2018-04-05,75.0,74.0,62.91,6.91,33.8,2.24
801,Verkhnevilyuysk,RU,2018-04-05,0.0,56.0,63.45,120.31,24.12,4.99
802,Rajpipla,IN,2018-04-05,8.0,32.0,21.87,73.5,94.68,7.45
803,Lira,UG,2018-04-05,20.0,96.0,2.25,32.9,70.47,4.54
804,Dubti,ET,2018-04-05,44.0,58.0,11.74,41.09,79.11,4.43
805,Minggang,CN,2018-04-05,92.0,100.0,32.45,114.03,42.57,12.82
806,Barela,IN,2018-04-05,20.0,32.0,23.1,80.05,99.27,3.65
807,Manado,ID,2018-04-05,40.0,70.0,1.49,124.85,86.0,9.17
808,Kankan,GN,2018-04-05,0.0,76.0,10.38,-9.3,74.07,11.03
809,Baindur,IN,2018-04-05,20.0,97.0,13.87,74.63,85.5,4.32
811,Ende,ID,2018-04-05,0.0,100.0,-8.84,121.65,84.15,5.99
812,Mayumba,GA,2018-04-05,56.0,99.0,-3.44,10.65,79.65,4.99
813,Ust-kan,RU,2018-04-05,0.0,70.0,50.93,84.77,33.84,2.64
814,Port blair,IN,2018-04-05,0.0,100.0,11.67,92.75,84.51,4.21
815,Fortuna,US,2018-04-05,0.0,62.0,38.18,-1.13,53.6,6.93
816,Petropavlovka,RU,2018-04-05,64.0,39.0,50.61,105.32,23.67,14.27
817,Ivdel,RU,2018-04-05,20.0,79.0,60.7,60.42,37.98,6.11
818,Oistins,BB,2018-04-05,40.0,83.0,13.07,-59.53,77.0,13.87
819,Borovoy,RU,2018-04-05,48.0,88.0,63.23,52.89,32.4,9.69
820,Cajibio,CO,2018-04-05,92.0,91.0,2.03,-76.62,52.38,0.74
821,Okha,RU,2018-04-05,80.0,100.0,53.59,142.95,26.91,10.36
822,Chapada dos guimaraes,BR,2018-04-05,0.0,94.0,-15.46,-55.75,75.2,3.36
823,Viet tri,VN,2018-04-05,75.0,69.0,21.3,105.43,78.8,8.05
824,Sorland,NO,2018-04-05,40.0,80.0,67.67,12.69,33.8,13.87
826,Contamana,PE,2018-04-05,0.0,95.0,-7.35,-75.01,74.07,2.42
827,Marsh harbour,BS,2018-04-05,24.0,100.0,26.54,-77.06,71.64,3.2
828,Alekseyevskaya,RU,2018-04-05,8.0,90.0,45.77,40.15,49.68,4.43
829,Upington,ZA,2018-04-05,0.0,93.0,-28.46,21.24,59.0,3.36
830,Eyl,SO,2018-04-05,68.0,100.0,7.98,49.82,80.46,3.98
831,Sitka,US,2018-04-05,64.0,32.0,37.17,-99.65,51.03,16.84
832,Luau,AO,2018-04-05,92.0,94.0,-10.7,22.23,66.15,3.42
833,Saint anthony,CA,2018-04-05,90.0,61.0,43.97,-111.68,46.4,17.22
834,Tasiilaq,GL,2018-04-05,48.0,79.0,65.61,-37.64,21.2,4.7
835,Hami,CN,2018-04-05,0.0,43.0,42.84,93.51,45.63,0.96
836,Sorochinsk,RU,2018-04-05,92.0,98.0,52.43,53.15,33.75,9.57
837,Horsham,AU,2018-04-05,0.0,56.0,-36.71,142.2,70.83,8.68
839,Rebrikha,RU,2018-04-05,0.0,93.0,53.08,82.34,26.73,7.45
840,Trat,TH,2018-04-05,40.0,74.0,12.25,102.51,87.8,8.05
841,Graham,US,2018-04-05,1.0,41.0,36.07,-79.4,48.2,5.82
842,Tsalenjikha,GE,2018-04-05,0.0,50.0,42.6,42.07,53.6,16.11
844,Saint george,BM,2018-04-05,20.0,81.0,39.45,22.34,51.8,2.42
845,Aktau,KZ,2018-04-05,0.0,81.0,43.65,51.16,50.0,20.13
846,Morrinhos,BR,2018-04-05,24.0,91.0,-17.73,-49.11,67.05,3.09
847,Danielskuil,ZA,2018-04-05,0.0,84.0,-28.19,23.54,54.72,2.75
848,Bondo,CD,2018-04-05,76.0,97.0,3.81,23.69,71.73,2.86
849,Kawasaki,JP,2018-04-05,90.0,58.0,35.52,139.71,59.0,14.99
850,Zhuhai,CN,2018-04-05,20.0,51.0,40.71,112.04,39.2,22.37
853,Yaounde,CM,2018-04-05,75.0,100.0,3.87,11.52,71.6,3.42
854,Imbituba,BR,2018-04-05,40.0,88.0,-28.24,-48.67,68.0,3.36
855,San andres,CO,2018-04-05,8.0,100.0,13.32,122.68,81.45,4.65
856,Panaba,MX,2018-04-05,0.0,63.0,21.28,-88.27,76.59,5.44
857,Meybod,IR,2018-04-05,40.0,22.0,32.25,54.02,68.0,6.93
858,Catia la mar,VE,2018-04-05,20.0,94.0,10.6,-67.03,75.2,15.61
860,Jatibonico,CU,2018-04-05,76.0,92.0,21.94,-79.17,72.0,2.08
861,Geraldton,CA,2018-04-05,5.0,54.0,49.72,-86.95,3.2,3.36
862,Guarda,PT,2018-04-05,24.0,85.0,40.54,-7.27,32.13,2.75
863,Benton harbor,US,2018-04-05,90.0,92.0,42.12,-86.45,32.0,10.29
864,Mandla,IN,2018-04-05,8.0,27.0,22.6,80.37,97.74,7.78
865,Gisborne,NZ,2018-04-04,0.0,67.0,-38.66,178.02,64.71,8.34
866,Novita,CO,2018-04-05,80.0,97.0,4.96,-76.61,71.1,1.07
867,Bandarbeyla,SO,2018-04-05,80.0,100.0,9.49,50.81,78.75,2.64
868,Green river,US,2018-04-05,90.0,55.0,41.53,-109.47,39.2,14.99
869,Shelburne,CA,2018-04-05,1.0,67.0,44.08,-80.2,24.8,5.82
870,Evensk,RU,2018-04-05,88.0,85.0,61.92,159.24,35.82,12.37
871,Rypefjord,NO,2018-04-05,75.0,86.0,70.63,23.67,32.0,11.41
872,Rumoi,JP,2018-04-05,75.0,47.0,43.93,141.67,35.6,16.11
873,Jutai,BR,2018-04-05,92.0,100.0,-1.71,-47.89,71.19,2.53
875,Atar,MR,2018-04-05,0.0,43.0,20.52,-13.05,57.51,4.21
877,Kahului,US,2018-04-05,40.0,88.0,20.89,-156.47,78.8,14.99
878,Omboue,GA,2018-04-05,80.0,100.0,-1.57,9.26,81.63,8.01
879,Grand-santi,GF,2018-04-05,88.0,95.0,4.27,-54.38,73.71,2.64
880,Yangjiang,CN,2018-04-05,68.0,98.0,21.85,111.96,75.33,9.24
881,Matagami,CA,2018-04-05,0.0,82.0,9.67,8.4,62.55,2.64
882,Tongchuan,CN,2018-04-05,40.0,58.0,34.9,108.95,57.2,6.71
883,Margate,ZA,2018-04-05,75.0,37.0,-43.03,147.26,71.6,18.34
885,Kimbe,PG,2018-04-05,88.0,100.0,-5.56,150.15,77.31,5.66
886,Yelan,RU,2018-04-05,0.0,100.0,50.95,43.74,34.47,9.13
887,Gornopravdinsk,RU,2018-04-05,88.0,79.0,60.06,69.92,38.25,9.24
888,Changtu,CN,2018-04-05,92.0,91.0,42.78,124.11,36.81,4.65
889,Touros,BR,2018-04-05,80.0,92.0,-5.2,-35.46,79.38,7.0
891,Pingdingshan,CN,2018-04-05,92.0,100.0,33.74,113.3,46.98,6.33
892,San teodoro,PH,2018-04-05,32.0,94.0,13.44,121.02,79.11,3.65
893,Caxito,AO,2018-04-05,68.0,96.0,-22.65,-42.51,72.0,2.75
894,Kango,GA,2018-04-05,56.0,95.0,0.19,10.1,76.77,2.75
895,Mar del plata,AR,2018-04-05,0.0,65.0,-46.43,-67.52,49.23,32.5
897,Banikoara,BJ,2018-04-05,44.0,79.0,11.3,2.44,75.51,11.03
898,Bucksport,US,2018-04-05,1.0,32.0,33.66,-79.1,55.4,13.87
900,Manokwari,ID,2018-04-05,32.0,100.0,-0.87,134.08,82.35,10.69
901,Zakamensk,RU,2018-04-05,64.0,52.0,50.38,103.29,18.9,5.21
902,Hamilton,BM,2018-04-05,75.0,88.0,32.3,-64.78,69.8,14.99
903,Dalby,AU,2018-04-05,0.0,39.0,-27.18,151.26,78.8,20.8
904,Denton,US,2018-04-05,1.0,65.0,33.22,-97.13,53.6,8.57
905,Jumla,NP,2018-04-05,8.0,74.0,29.28,82.18,45.9,0.74
906,Chauk,MM,2018-04-05,0.0,57.0,20.89,94.82,89.82,2.19
907,Clyde river,CA,2018-04-05,1.0,76.0,70.47,-68.59,-4.01,16.11
909,Aripuana,BR,2018-04-05,88.0,98.0,-9.17,-60.63,72.9,1.41
910,San-pedro,CI,2018-04-05,44.0,96.0,4.75,-6.64,75.6,4.43
911,Brest,BY,2018-04-05,0.0,66.0,52.09,23.69,51.8,6.71
912,Maragogi,BR,2018-04-05,92.0,98.0,-9.01,-35.22,76.59,4.21
913,Madiun,ID,2018-04-05,36.0,88.0,-7.63,111.52,80.91,2.3
914,Poum,NC,2018-04-05,56.0,85.0,41.28,20.71,42.84,1.86
916,Riachao,BR,2018-04-05,64.0,99.0,-7.36,-46.62,70.92,5.99
917,Esmeraldas,EC,2018-04-05,75.0,82.0,-19.76,-44.31,71.6,3.36
918,Shemonaikha,KZ,2018-04-05,0.0,81.0,50.63,81.92,41.4,4.09
919,Aksu,KZ,2018-04-05,0.0,41.0,52.04,76.93,41.0,15.66
920,Odesskoye,RU,2018-04-05,0.0,94.0,54.21,72.97,31.23,14.83
921,Norman wells,CA,2018-04-05,20.0,50.0,65.28,-126.83,8.6,5.82
922,Smithers,CA,2018-04-05,75.0,58.0,54.78,-127.17,28.4,9.17
923,Mamallapuram,IN,2018-04-05,40.0,49.0,12.63,80.17,93.2,9.17
924,Vrangel,RU,2018-04-05,80.0,95.0,42.73,133.08,34.47,17.74
925,Doha,QA,2018-04-05,0.0,39.0,25.29,51.53,82.4,16.11
926,Pericos,MX,2018-04-05,75.0,64.0,25.08,-107.7,68.0,1.74
928,Ilinskiy,RU,2018-04-05,0.0,69.0,55.62,38.12,39.2,8.95
929,Roma,AU,2018-04-05,40.0,93.0,41.89,12.48,55.4,6.93
930,Teeli,RU,2018-04-05,0.0,49.0,51.01,90.2,26.73,2.64
931,Itoman,JP,2018-04-05,20.0,61.0,26.12,127.67,77.0,11.41
932,Utevka,RU,2018-04-05,88.0,98.0,52.9,50.95,33.48,9.24
933,Craigieburn,AU,2018-04-05,0.0,55.0,-37.6,144.94,68.0,6.93
934,Unity,CA,2018-04-05,0.0,79.0,52.44,-109.15,5.4,11.25
935,Bara,SD,2018-04-05,0.0,54.0,10.41,10.6,68.31,1.97
937,Tari,PG,2018-04-05,12.0,60.0,12.41,4.49,66.15,2.75
938,Boyolangu,ID,2018-04-05,44.0,88.0,-8.09,111.9,81.63,3.76
939,Kaitangata,NZ,2018-04-04,8.0,53.0,-46.28,169.85,61.47,19.3
941,Airai,PW,2018-04-05,36.0,69.0,-8.93,125.41,80.91,1.19
942,Altagracia de orituco,VE,2018-04-05,32.0,80.0,9.86,-66.38,72.99,11.03
943,Taltal,CL,2018-04-05,0.0,97.0,-25.41,-70.49,48.69,1.74
944,Neiafu,TO,2018-04-05,75.0,88.0,-18.65,-173.98,78.8,18.34
945,Lubango,AO,2018-04-05,48.0,95.0,-14.92,13.49,62.73,2.42
946,Fuxin,CN,2018-04-05,76.0,58.0,42.02,121.65,43.74,7.56
947,Mubi,NG,2018-04-05,24.0,32.0,10.27,13.26,70.2,4.65
948,Viru,PE,2018-04-05,0.0,75.0,57.74,26.74,46.4,6.93
949,Cape town,ZA,2018-04-05,90.0,100.0,-33.93,18.42,59.0,3.36
950,Pandan,PH,2018-04-05,12.0,97.0,11.72,122.09,81.81,14.83
951,Hof,NO,2018-04-05,75.0,87.0,50.32,11.92,44.6,12.75
952,Orsha,BY,2018-04-05,64.0,86.0,54.51,30.43,39.2,11.18
953,Kontagora,NG,2018-04-05,24.0,77.0,10.4,5.47,76.5,6.89
954,Trelew,AR,2018-04-05,8.0,27.0,-43.25,-65.31,57.42,16.17
955,Hihya,EG,2018-04-05,8.0,82.0,30.67,31.59,60.8,8.05
957,Faya,TD,2018-04-05,0.0,43.0,18.39,42.45,69.8,9.17
958,Burns lake,CA,2018-04-05,36.0,55.0,54.23,-125.76,18.63,5.77
959,Mbalmayo,CM,2018-04-05,75.0,100.0,3.52,11.5,71.6,3.42
960,Kantunilkin,MX,2018-04-05,40.0,88.0,21.1,-87.49,75.2,3.36
961,Pitimbu,BR,2018-04-05,0.0,94.0,-7.47,-34.81,75.2,3.36
962,Palencia,ES,2018-04-05,8.0,93.0,42.01,-4.53,35.6,5.82
963,Ushuaia,AR,2018-04-05,90.0,93.0,-54.81,-68.31,39.2,9.17
964,Guerrero negro,MX,2018-04-05,48.0,100.0,27.97,-114.04,55.89,7.67
965,Suoyarvi,RU,2018-04-05,92.0,100.0,62.08,32.35,37.8,7.34
966,Tessalit,ML,2018-04-05,0.0,23.0,20.2,1.01,60.48,2.98
967,Skjervoy,NO,2018-04-05,75.0,100.0,70.03,20.97,32.0,20.8
968,Radebeul,DE,2018-04-05,0.0,62.0,51.1,13.68,51.8,13.87
970,Toamasina,MG,2018-04-05,40.0,94.0,-18.17,49.38,75.2,6.93
971,Lokomotivnyy,RU,2018-04-05,64.0,100.0,53.01,60.57,34.65,5.44
972,Sindou,BF,2018-04-05,0.0,85.0,10.66,-5.16,72.99,9.24
973,Yushan,CN,2018-04-05,90.0,93.0,31.68,118.49,46.4,6.71
974,Bayangol,RU,2018-04-05,64.0,36.0,48.91,106.09,24.93,16.84
975,Wajir,KE,2018-04-05,76.0,98.0,1.75,40.07,73.98,4.54
976,Schoneiche,DE,2018-04-05,0.0,87.0,52.47,13.68,50.0,11.41
977,Eureka,US,2018-04-05,75.0,61.0,40.8,-124.16,53.6,4.7
978,Kitakyushu,JP,2018-04-05,75.0,68.0,33.83,130.83,71.6,6.93
979,Outlook,CA,2018-04-05,44.0,78.0,51.48,-107.04,11.7,8.68
980,Guarizama,HN,2018-04-05,40.0,69.0,14.91,-86.32,77.0,2.24
981,Semarang,ID,2018-04-05,32.0,91.0,-6.99,110.42,83.25,2.64
982,Asosa,ET,2018-04-05,0.0,64.0,10.07,34.53,75.78,3.87
983,Yining,CN,2018-04-05,100.0,100.0,29.04,114.56,58.86,8.34
984,Puerto padre,CU,2018-04-05,20.0,94.0,21.2,-76.61,71.6,4.7
985,Russell,NZ,2018-04-05,0.0,68.0,-33.01,-68.8,66.2,6.93
986,Fossombrone,IT,2018-04-05,75.0,81.0,43.69,12.81,53.6,4.7
987,Bluff,NZ,2018-04-05,92.0,49.0,-23.58,149.07,82.62,20.09
988,Santa comba,ES,2018-04-05,20.0,93.0,43.03,-8.81,48.2,6.93
989,Coahuayana,MX,2018-04-05,20.0,63.0,18.62,-100.35,63.81,1.74
990,Jardim,BR,2018-04-05,0.0,71.0,-21.48,-56.15,68.67,4.65
991,Kiunga,PG,2018-04-05,48.0,92.0,-6.12,141.3,80.82,2.98
992,Anadyr,RU,2018-04-05,0.0,72.0,64.73,177.51,17.6,11.18
993,Zugdidi,GE,2018-04-05,0.0,50.0,42.51,41.88,53.6,16.11
994,Lesnoy,RU,2018-04-05,56.0,70.0,59.78,52.13,32.31,5.77
995,Port hedland,AU,2018-04-05,0.0,39.0,-20.31,118.58,98.6,18.34
996,Cukai,MY,2018-04-05,75.0,66.0,4.25,103.42,89.6,6.93
997,Birjand,IR,2018-04-05,0.0,17.0,32.86,59.22,71.6,20.8
999,Kirakira,SB,2018-04-05,76.0,100.0,-10.46,161.92,83.79,8.79
